,patient_id,sample_id,total_sequenced_cells,low_quality_cells,normal_cells,aberrant_normal_cells,sphase_cells,doublets,too_short_135_segment_cells,filter_passing_cells,0xWGD_cells,1xWGD_cells,2xWGD_cells,divergent_cells,0xWGD_divergent_cells,1xWGD_divergent_cells,2xWGD_divergent_cells,highquality_mean_total_mapped_reads,highquality_mean_coverage_depth,highquality_mean_coverage_breadth,highquality_mean_quality,highquality_mean_ploidy,highquality_mean_fraction_loh,highquality_mean_breakpoints,filtered_mean_total_mapped_reads,filtered_mean_coverage_depth,filtered_mean_coverage_breadth,filtered_mean_quality,filtered_mean_ploidy,filtered_mean_fraction_loh,filtered_mean_breakpoints
0,SPECTRUM-OV-002,SPECTRUM-OV-002_S1_INFRACOLIC_OMENTUM,905,520,175,25,11,0,0,174,0,172,2,3,0.0,1.0,2.0,2527130.425974026,0.05603791168831169,0.052956205891423636,0.9616675324675326,2.6736334622656117,0.06809766520244458,36.8,2918074.511494253,0.0651046264367816,0.061061317924619926,0.9409425287356321,3.3202648125191945,0.12198513564908718,57.01724137931034
1,SPECTRUM-OV-002,SPECTRUM-OV-002_S1_RIGHT_OVARY,1320,217,270,8,21,2,1,801,0,790,11,14,0.0,4.0,10.0,6202719.126926564,0.09856546509519491,0.08961790714277963,0.9940344514959203,2.9969744278697084,0.08967605061063405,81.02538531278331,6739821.981273408,0.10831234956304618,0.09803370417270282,0.9948314606741573,3.313029142243081,0.11901196574135267,95.25967540574283
2,SPECTRUM-OV-003,SPECTRUM-OV-003_S1_INFRACOLIC_OMENTUM,1092,553,260,19,16,5,0,239,0,236,3,4,0.0,1.0,3.0,2402601.7903525047,0.05584923191094619,0.05259871042512982,0.9828719851576995,2.576487493623512,0.1710035263318008,79.02597402597402,2657949.539748954,0.06419105020920501,0.05997812404543359,0.9734644351464434,3.0408456103593204,0.34794225361639625,133.5732217573222
3,SPECTRUM-OV-003,SPECTRUM-OV-003_S1_PELVIC_PERITONEUM,270,237,29,1,0,0,0,3,0,3,0,0,,,,1701763.878787879,0.029913909090909088,0.028818978291523745,0.9843636363636364,2.121200363582331,0.040471691510952444,23.060606060606062,1050453.0,0.018896,0.018192568706921132,0.91,2.9891385844099254,0.3937644341801385,129.66666666666666
4,SPECTRUM-OV-004,SPECTRUM-OV-004_S1_INFRACOLIC_OMENTUM,1720,385,668,108,46,21,4,488,469,16,3,13,0.0,11.0,2.0,5872822.85917603,0.10464531086142323,0.0966760640833371,0.9947610486891386,2.0706304784263763,0.13125705106459742,50.620224719101124,5963069.950819672,0.10697509016393442,0.09805450808178418,0.9935122950819673,2.0890477075600846,0.30112891464755415,68.05737704918033
5,SPECTRUM-OV-004,SPECTRUM-OV-004_S1_LEFT_ADNEXA,2590,967,95,10,122,143,2,1251,1202,39,10,44,5.0,29.0,10.0,2118640.1065927297,0.04754408934072705,0.04502681953270554,0.982007393715342,2.1086012414645943,0.19684978991641383,73.30252618607517,2045111.2366107113,0.044231239008792965,0.04198301331180726,0.98624620303757,2.0744080999585433,0.20808391314143887,67.43565147881695
6,SPECTRUM-OV-004,SPECTRUM-OV-004_S1_RIGHT_ADNEXA,1428,1002,303,59,2,9,0,53,52,1,0,1,0.0,1.0,0.0,3146352.1784037556,0.06585017370892018,0.06193090457786475,0.9801126760563381,2.1212324731534977,0.0545916661527125,46.79577464788732,3111262.3018867923,0.06435450943396226,0.06034258595000079,0.9816603773584905,2.0029296455438628,0.31235351159079344,65.94339622641509
7,SPECTRUM-OV-006,SPECTRUM-OV-006_S1_INFRACOLIC_OMENTUM,1620,307,179,144,94,2,1,893,825,68,0,0,,,,6263636.496572734,0.10148092307692308,0.09321471685941492,0.94203808073115,2.0023685134815135,0.312745232856619,115.08910891089108,6083884.031354983,0.09852888017917133,0.09037637629259374,0.9276461366181411,1.969678452669808,0.4110564161585998,132.92609182530796
8,SPECTRUM-OV-007,SPECTRUM-OV-007_S1_INFRACOLIC_OMENTUM,380,222,61,16,3,0,0,78,77,0,1,1,0.0,0.0,1.0,4452432.1329113925,0.10919639240506328,0.100577100774029,0.9799367088607596,1.9170916723846296,0.25755146146139835,68.87974683544304,4343247.320512821,0.10638635897435897,0.09741099513590894,0.967025641025641,1.778577395647026,0.49865030439943325,105.16666666666667
9,SPECTRUM-OV-007,SPECTRUM-OV-007_S1_PELVIC_PERITONEUM,860,727,28,7,7,2,2,87,85,2,0,0,,,,20021850.62406015,0.09715081954887218,0.0860246521395708,0.9506616541353383,1.917157485051627,0.36715981092602085,87.85714285714286,18591804.49425287,0.0882659540229885,0.07825921979257823,0.9404137931034483,1.776347463876296,0.4957461538021432,106.05747126436782
10,SPECTRUM-OV-008,SPECTRUM-OV-008_S1_BOWEL,840,104,464,110,16,0,0,146,0,146,0,0,,,,5847634.775815218,0.07144657472826087,0.06570259643240364,0.9879456521739131,2.263035358532916,0.1286378685657171,68.84375,8475850.0,0.10965138356164382,0.0983271925774899,0.9492876712328767,3.0714878018102003,0.5694914186742246,206.45205479452054
11,SPECTRUM-OV-009,SPECTRUM-OV-009_S1_BOWEL,1700,1605,13,0,1,0,0,81,80,1,0,0,,,,6338726.536842105,0.13209146315789475,0.12035762474036568,0.9027578947368421,1.889456739335342,0.3565175073606346,52.97894736842105,6285277.12345679,0.131608012345679,0.11969065092846264,0.8978271604938272,1.870090531487891,0.40572935394941867,59.48148148148148
12,SPECTRUM-OV-009,SPECTRUM-OV-009_S1_INFRACOLIC_OMENTUM,1700,265,57,102,67,3,3,1203,1187,16,0,5,1.0,4.0,0.0,4859812.440418119,0.0697818975609756,0.06467851817875761,0.9824013937282231,1.88003300509963,0.39974000492927453,115.39233449477352,4752185.177057357,0.06799042477140482,0.06301238501653167,0.9858387364921031,1.8521051260630848,0.4474295460301319,118.18536990856192
13,SPECTRUM-OV-009,SPECTRUM-OV-009_S1_LEFT_OVARY,860,635,34,6,7,2,2,174,173,0,1,1,0.0,0.0,1.0,4796058.071111111,0.11175921777777777,0.10276787554562937,0.9803911111111111,1.9119792530274067,0.3430626187907741,82.08888888888889,4750031.17816092,0.11048086781609195,0.1014839288499706,0.9833333333333333,1.8101295816603429,0.41409201779138166,86.38505747126437
14,SPECTRUM-OV-009,SPECTRUM-OV-009_S1_RIGHT_OVARY,970,459,0,0,7,2,1,501,496,4,1,7,2.0,4.0,1.0,4895971.156555773,0.11017990802348336,0.10181977514911245,0.9772446183953033,1.8017975275333085,0.4095950123632376,77.2426614481409,4867194.67265469,0.10944964271457086,0.10121179616678583,0.9775928143712574,1.800613781002929,0.4085619791392711,76.14770459081836
15,SPECTRUM-OV-009,SPECTRUM-OV-009_S1_RIGHT_UPPER_ABDOMEN,870,619,98,4,1,0,0,148,141,7,0,0,,,,1339656.764940239,0.029856832669322708,0.028659169779461428,0.9608366533864542,1.9679102192519244,0.24157553788544386,45.82868525896414,1380108.8918918918,0.030691148648648647,0.029405711452837855,0.9678783783783784,1.8992373621281025,0.3947532831027976,68.07432432432432
16,SPECTRUM-OV-014,SPECTRUM-OV-014_S1_PELVIC_PERITONEUM,1520,436,508,196,19,4,1,356,0,355,1,2,0.0,2.0,0.0,5936838.435424354,0.08045054797047971,0.07356856944511547,0.9940553505535056,2.3688202910632103,0.07818080077788586,60.138376383763834,7855752.06741573,0.11094038202247189,0.09953565201371527,0.9896348314606742,2.941229386655072,0.21685535354892377,111.64044943820225
17,SPECTRUM-OV-022,SPECTRUM-OV-022_S1_LEFT_ADNEXA,2544,1773,74,6,36,8,0,647,629,17,1,6,1.0,4.0,1.0,1597894.476005188,0.03853713488975356,0.036544234955146436,0.9713696498054475,1.9414752726330107,0.3231825453970864,56.30350194552529,1573936.2812982998,0.037901503863987634,0.03595709449584966,0.9770880989180836,1.8447944403130236,0.359399707142903,56.557959814528594
18,SPECTRUM-OV-022,SPECTRUM-OV-022_S1_RIGHT_ADNEXA,1120,172,18,22,10,11,4,883,796,75,12,14,2.0,5.0,7.0,2577291.914556962,0.0549434388185654,0.05163129752026776,0.9874367088607595,2.099789828363329,0.31028916680783286,65.47995780590718,2547673.3103057756,0.05424690713476784,0.05098591497708043,0.988144960362401,2.0867641736929,0.3236141212180441,64.57644394110986
19,SPECTRUM-OV-024,SPECTRUM-OV-024_S1_INFRACOLIC_OMENTUM,1320,387,728,101,7,0,0,97,0,6,91,14,0.0,4.0,10.0,5468866.800643086,0.0701412293676313,0.06463081631756147,0.9867181136120042,2.330979197310863,0.05339515081810454,48.91747052518757,9860132.484536082,0.141979793814433,0.1252926909154669,0.9184536082474227,4.435989254395944,0.4349721522740914,193.01030927835052
20,SPECTRUM-OV-025,SPECTRUM-OV-025_S1_INFRACOLIC_OMENTUM,859,118,461,109,3,2,0,166,0,160,6,7,0.0,5.0,2.0,4649605.134952767,0.0694481282051282,0.06444474170887546,0.9958488529014845,2.3573226911145184,0.11884763639957702,47.38056680161943,6340915.36746988,0.09989707228915662,0.09089658149495128,0.9907228915662651,3.3272240251161302,0.49585167015366854,96.72289156626506
21,SPECTRUM-OV-025,SPECTRUM-OV-025_S1_RIGHT_OVARY,2940,933,944,151,8,2,4,898,0,838,60,35,0.0,15.0,20.0,5011358.503736921,0.09788111609367214,0.09003265975225261,0.9732735426008968,2.6597199612330695,0.22799359312879353,54.48430493273543,6095853.283964366,0.12306791425389754,0.11118136820440436,0.9493095768374165,3.4092865160297756,0.494338203839024,93.21158129175947
22,SPECTRUM-OV-026,SPECTRUM-OV-026_S1_BOWEL,860,113,128,16,56,3,0,544,541,2,1,1,0.0,0.0,1.0,3848234.1298527443,0.05951317001338687,0.05558482531755608,0.9577376171352074,1.9548265802719709,0.4155683565002255,105.08701472556895,3701441.205882353,0.056669125,0.05299418800970037,0.9514669117647058,1.9109840858710883,0.5127098076733683,114.21691176470588
23,SPECTRUM-OV-026,SPECTRUM-OV-026_S1_LEFT_OVARY,1730,432,29,0,8,20,0,1241,1238,3,0,0,,,,5479737.641756549,0.1155536625577812,0.10636555539993325,0.9495839753466871,1.8605900855872253,0.48466501736338247,96.2557781201849,5440540.057211926,0.11468196535052376,0.10561063932867491,0.9491506849315068,1.8561394519631147,0.49552106426736503,97.9395648670427
24,SPECTRUM-OV-031,SPECTRUM-OV-031_S1_INFRARENAL_LYMPH_NODE,860,436,312,87,0,0,0,25,25,0,0,0,,,,5623995.2051886795,0.12566639150943396,0.11551643090201473,0.9939245283018867,2.0164595467172517,0.038585252576939545,31.46933962264151,4426286.76,0.09766408,0.09042488549585759,0.948,1.5681726092384907,0.5629878188922087,71.88
25,SPECTRUM-OV-031,SPECTRUM-OV-031_S1_LEFT_FALLOPIAN_TUBE,930,256,13,0,35,1,1,624,613,10,1,5,1.0,3.0,1.0,4928110.516320474,0.10885100296735906,0.10091563856498002,0.9375756676557864,1.6253602697381406,0.548116773864871,63.568249258160236,4855930.626602564,0.10721285096153846,0.09950060888429046,0.9382660256410256,1.6119486870680053,0.5580639434494871,62.31410256410256
26,SPECTRUM-OV-036,SPECTRUM-OV-036_S1_LEFT_OVARY,930,652,67,1,0,2,0,208,0,208,0,4,0.0,4.0,0.0,4802149.154676259,0.11567642086330936,0.10628081755080791,0.8893669064748202,2.72730220044892,0.22434604617561177,128.68705035971223,5117144.692307692,0.12358507692307692,0.11285833225566783,0.8592596153846154,2.961692235012854,0.2949991953653041,167.70192307692307
27,SPECTRUM-OV-036,SPECTRUM-OV-036_S1_RIGHT_ADNEXA,1720,323,480,52,15,1,0,849,0,842,7,12,0.0,5.0,7.0,4149562.6678596996,0.07163169291338582,0.0658866696785885,0.971159627773801,2.6509941866030617,0.19380974107030835,141.83106657122406,4626425.329799765,0.08167591166077738,0.0745190554078855,0.9550765606595996,3.012830839011816,0.30962835923138715,212.65253239104828
28,SPECTRUM-OV-037,SPECTRUM-OV-037_S1_INFRACOLIC_OMENTUM,854,524,105,19,3,0,0,203,191,12,0,2,0.0,2.0,0.0,6209393.324242424,0.13444864545454543,0.1202532854769319,0.979060606060606,1.947548685716214,0.24351855729101238,43.96666666666667,6087556.842364532,0.13214112807881773,0.11789258024189585,0.9747192118226601,1.8411274551953654,0.3865951310716952,55.09852216748769
29,SPECTRUM-OV-037,SPECTRUM-OV-037_S1_LEFT_OVARY,500,274,45,2,4,0,0,175,174,1,0,1,0.0,1.0,0.0,4585565.694690266,0.11089534513274336,0.10156134245338344,0.988716814159292,1.9100763486913102,0.2600082340424664,53.5929203539823,4551326.32,0.11021191999999999,0.10074167142347255,0.9897942857142857,1.8490310962526761,0.3275225373428966,59.92
30,SPECTRUM-OV-044,SPECTRUM-OV-044_S1_RIGHT_FALLOPIAN_TUBE,860,126,15,22,20,0,3,674,0,668,6,5,0.0,0.0,5.0,5562974.223433242,0.0921090544959128,0.08471937969731108,0.9927683923705722,2.780481419769729,0.15653584768185802,61.35558583106267,5558044.421364985,0.09179359495548961,0.08448423730310961,0.994406528189911,2.804352102724901,0.16459401442846808,58.52670623145401
31,SPECTRUM-OV-044,SPECTRUM-OV-044_S1_RIGHT_OMENTUM,1720,449,255,27,4,3,1,981,0,980,1,3,0.0,2.0,1.0,6893289.313139261,0.15024634854445318,0.13675423023331942,0.9762250196695514,2.685046478962216,0.11231119625395579,30.411487018095986,7283705.468909277,0.1594637869520897,0.1445225234754784,0.9723853211009174,2.859345874521101,0.1418867510964704,35.52599388379205
32,SPECTRUM-OV-045,SPECTRUM-OV-045_S1_INFRACOLIC_OMENTUM,2868,1522,623,27,27,3,0,666,0,660,6,14,0.0,8.0,6.0,1520590.867013373,0.03876923699851411,0.03699755149387509,0.989739970282318,2.455280151882593,0.2727153676022486,30.315007429420504,1687915.6861861863,0.044197264264264256,0.042000604275312145,0.9885345345345345,2.8349139707035333,0.5227733493862526,41.432432432432435
33,SPECTRUM-OV-045,SPECTRUM-OV-045_S1_LEFT_OVARY,1740,1193,36,0,6,1,0,504,0,495,9,13,0.0,11.0,2.0,5180049.517367459,0.07950574040219378,0.07401325110418921,0.9168848263254114,2.8935194993497064,0.46305571234804,34.82632541133455,5198865.450396826,0.07968383928571428,0.07411248657815657,0.914484126984127,2.9444670520873775,0.4940773352351693,35.8531746031746
34,SPECTRUM-OV-045,SPECTRUM-OV-045_S1_PELVIC_IMPLANT,1760,851,332,37,15,2,3,520,2,502,16,24,2.0,7.0,15.0,2924100.8536853683,0.06353369966996698,0.059771807378613,0.9925412541254126,2.510070838226756,0.3187383715330058,39.66996699669967,3202132.344230769,0.07099379038461538,0.06647559766029537,0.9920307692307693,2.822209105974179,0.5344394718185042,46.698076923076925
35,SPECTRUM-OV-045,SPECTRUM-OV-045_S1_RIGHT_OVARY,1185,241,755,4,3,0,0,182,16,165,1,6,0.0,5.0,1.0,1580035.6493644067,0.03711915042372881,0.03568414535273755,0.9942245762711864,2.1562619657031274,0.10460975943138322,17.885593220338983,1773304.543956044,0.042807164835164835,0.04089605452276659,0.9836923076923078,2.699858230967023,0.5269015546665315,37.31868131868132
36,SPECTRUM-OV-046,SPECTRUM-OV-046_S1_INFRACOLIC_OMENTUM,3264,1796,917,78,26,22,1,424,388,34,2,6,0.0,4.0,2.0,2128600.3841961855,0.0480323514986376,0.04556233092724371,0.9835163487738419,2.0324960489250703,0.16541709584865674,40.700272479564035,2214430.0,0.05002031603773585,0.04702084194741119,0.9631462264150944,1.938674264715923,0.5017635706927801,86.57783018867924
37,SPECTRUM-OV-046,SPECTRUM-OV-046_S1_LEFT_ADNEXA,1735,686,773,16,9,21,2,228,204,21,3,10,2.0,5.0,3.0,2497783.404194471,0.05923422878932316,0.056109783352014754,0.9916320305052431,2.0361172585573173,0.12568721453215387,32.13441372735939,2597885.6359649124,0.060497157894736836,0.05665985958100292,0.9767280701754385,1.987155718444458,0.49853397026313767,86.77631578947368
38,SPECTRUM-OV-049,SPECTRUM-OV-049_S1_INFRACOLIC_OMENTUM,1720,335,922,201,8,4,0,250,0,240,10,14,0.0,4.0,10.0,3285947.780505415,0.053643658483754506,0.050553742329709606,0.9874830324909747,2.2828591353553196,0.07430757111744853,55.454873646209386,5047466.468,0.08509868799999999,0.07843258575339275,0.948888,3.2646853843250705,0.36708704784130686,184.972
39,SPECTRUM-OV-050,SPECTRUM-OV-050_S1_INFRACOLIC_OMENTUM,977,179,340,129,10,4,0,315,307,4,4,4,0.0,3.0,1.0,5104230.77443609,0.05258939223057643,0.04912576822769304,0.9844010025062657,1.9582494120850384,0.19054689926104987,50.730576441102755,4926632.234920635,0.050638025396825395,0.04715432014845485,0.9702285714285714,1.8358619903229738,0.45074247110175253,88.44761904761904
40,SPECTRUM-OV-051,SPECTRUM-OV-051_S1_BOWEL,577,535,8,0,0,0,0,34,0,34,0,1,0.0,1.0,0.0,2642366.880952381,0.06246907142857141,0.058511077088102305,0.9233809523809524,2.6518745517179108,0.20497494315296816,112.97619047619048,2745517.5,0.06517061764705881,0.06087804269494687,0.9107058823529411,2.8017348086942353,0.25112492841364636,134.14705882352942
41,SPECTRUM-OV-051,SPECTRUM-OV-051_S1_INFRACOLIC_OMENTUM,2052,1504,135,2,4,1,0,406,1,405,0,1,1.0,0.0,0.0,1973531.9562043797,0.05170488686131385,0.04935262399910284,0.9542189781021898,2.6161700621993713,0.19206183229613985,92.78832116788321,2127187.4950738917,0.05552595320197043,0.05279501408611193,0.941807881773399,2.8139795399677174,0.2552806648533472,120.14285714285714
42,SPECTRUM-OV-051,SPECTRUM-OV-051_S1_RIGHT_ADNEXA,818,495,217,27,5,0,0,74,1,73,0,1,1.0,0.0,0.0,1650931.3157894737,0.03780071207430339,0.03615652161328437,0.9776656346749226,2.213350361562466,0.08478694896449168,46.01857585139319,1927861.1486486488,0.04400664864864863,0.04178631688007052,0.9517567567567569,2.790192123500778,0.2610795774912604,125.51351351351352
43,SPECTRUM-OV-051,SPECTRUM-OV-051_S1_RIGHT_OVARY,925,779,93,7,0,0,0,46,0,46,0,1,0.0,1.0,0.0,1498341.2602739725,0.03614161643835615,0.034518126692380136,0.9143287671232876,2.2748668609701292,0.09514101904598594,37.78767123287671,1942143.4782608696,0.04763302173913043,0.045087219858105244,0.8711304347826088,2.7669034668458545,0.26000282195480834,98.6304347826087
44,SPECTRUM-OV-052,SPECTRUM-OV-052_S1_INFRACOLIC_OMENTUM,1720,436,136,180,19,17,0,932,0,912,20,9,0.0,3.0,6.0,5492217.280373832,0.09120454750778816,0.08359870650833012,0.9723940809968848,2.4606530065550696,0.37420806382721283,114.6588785046729,5742693.805793991,0.09670528969957082,0.08827597442637951,0.9665021459227467,2.5981471763803836,0.4941963685002239,137.63948497854076
45,SPECTRUM-OV-052,SPECTRUM-OV-052_S1_RIGHT_ADNEXA,1258,987,153,3,4,0,0,111,0,110,1,0,,,,2792355.298892989,0.06125529520295203,0.05703246285144565,0.9607749077490775,2.1840018741001175,0.2358696797075598,62.14391143911439,3032579.2342342343,0.06786929729729729,0.06261759697177284,0.9196396396396396,2.424905207641746,0.5438709650221115,121.48648648648648
46,SPECTRUM-OV-065,SPECTRUM-OV-065_S1_INFRACOLIC_OMENTUM,838,764,44,3,3,0,0,24,0,24,0,2,0.0,2.0,0.0,6545200.77027027,0.13682894594594594,0.12120025624748956,0.9516216216216217,2.5111964800985125,0.1077753711900053,67.41891891891892,9088116.625,0.19400549999999997,0.16551572417534302,0.8895833333333334,3.314313132907737,0.28167828106852494,140.29166666666666
47,SPECTRUM-OV-065,SPECTRUM-OV-065_S1_RIGHT_OVARY,4180,3412,24,2,4,1,0,737,0,733,4,31,0.0,27.0,4.0,3179990.7395833335,0.08131847135416666,0.07400007232693159,0.9056588541666667,3.3507385032903065,0.23668578203639176,100.77213541666667,3184806.9945725915,0.08159349796472183,0.07421234289045958,0.9034328358208956,3.3961855685000253,0.24474271026873864,103.19402985074628
48,SPECTRUM-OV-068,SPECTRUM-OV-068_S1_INFRACOLIC_OMENTUM,859,202,195,6,7,17,0,432,0,425,7,10,0.0,3.0,7.0,3512343.6423135465,0.047849867579908674,0.04429358764186699,0.9595038051750381,2.7748471804648474,0.2789861515113898,108.54794520547945,3881383.5,0.05385772916666666,0.04964231257000971,0.9450740740740741,3.082509673083849,0.39928316143721476,150.93055555555554
49,SPECTRUM-OV-070,SPECTRUM-OV-070_S1_PELVIC_PERITONEUM,1719,307,179,129,64,11,1,1028,985,42,1,6,1.0,4.0,1.0,4593750.638810199,0.07921504036827196,0.07410454403807219,0.9876614730878187,2.0097662091409085,0.3318451474064215,92.37889518413597,4468236.282101167,0.07711788715953306,0.07213145571965408,0.986931906614786,1.9591147323097609,0.4223268266470809,104.05544747081711
50,SPECTRUM-OV-071,SPECTRUM-OV-071_S1_PELVIC_PERITONEUM,1680,275,196,33,33,32,0,1111,0,1093,18,10,0.0,6.0,4.0,7085996.46405694,0.10721616797153025,0.09806114580054769,0.9804427046263344,2.9249189332580423,0.22407237293075066,142.88042704626335,7394303.6273627365,0.11202564446444643,0.10222928578524974,0.9784212421242124,3.0872856324416706,0.26665171707482166,160.43564356435644
51,SPECTRUM-OV-075,SPECTRUM-OV-075_S1_LEFT_FALLOPIAN_TUBE,1720,299,444,60,9,9,1,898,30,848,20,41,0.0,21.0,20.0,4319306.860661506,0.07128543701618578,0.06559849722814769,0.9753441238564391,2.893894507488654,0.30400440516555927,89.70724841660802,4983822.234966593,0.08472045545657016,0.07741244555506763,0.9634721603563474,3.360434178408615,0.46920956072244646,124.88307349665924
52,SPECTRUM-OV-080,SPECTRUM-OV-080_S1_PELVIC_PERITONEUM,498,148,45,169,7,4,0,125,113,9,3,10,2.0,5.0,3.0,5628971.128571428,0.09047489142857142,0.08435790761048412,0.9939828571428572,2.083002085402957,0.0962368697478991,50.542857142857144,5665504.864,0.09095964799999999,0.08438956148860303,0.992448,2.0851973641243537,0.24049080882352936,53.384
53,SPECTRUM-OV-081,SPECTRUM-OV-081_S1_INFRACOLIC_OMENTUM,1700,671,227,340,18,10,0,434,36,394,4,69,0.0,65.0,4.0,5460817.299319728,0.09077201166180758,0.08304644258775026,0.9353508260447035,2.8586180301023876,0.08719244038790436,182.59086491739552,6925798.788018433,0.12200371658986175,0.10979887714323613,0.859705069124424,3.9031258859317997,0.1896713993191424,366.3271889400922
54,SPECTRUM-OV-081,SPECTRUM-OV-081_S1_LEFT_ADNEXA,838,631,14,0,6,6,0,181,180,1,0,1,0.0,1.0,0.0,4112187.9565217393,0.09765728502415459,0.08920841518167452,0.9593623188405797,2.159767072505245,0.18201827482456254,285.768115942029,4166819.458563536,0.09878485082872927,0.09020224089433597,0.9582651933701657,2.1652245688518272,0.19437907566570262,300.96132596685084
55,SPECTRUM-OV-082,SPECTRUM-OV-082_S1_INFRACOLIC_OMENTUM,859,296,21,0,22,2,0,518,0,514,4,8,0.0,4.0,4.0,4757791.271758437,0.08608809058614564,0.07896509331072397,0.9685328596802841,2.81183090265737,0.4313792934822699,109.86500888099467,4755256.872586872,0.08617628378378378,0.07903767756789935,0.9703088803088803,2.8475364394441223,0.4477449251131006,111.31853281853282
56,SPECTRUM-OV-083,SPECTRUM-OV-083_S1_INFRACOLIC_OMENTUM,860,103,97,117,22,4,0,517,0,508,9,2,0.0,1.0,1.0,5289126.424042272,0.0769726354029062,0.0705337823127768,0.9848428005284016,2.710039344849806,0.19718544409831523,87.71862615587847,5741687.984526112,0.08450329206963249,0.07699184482839651,0.9817678916827853,2.9608912176502877,0.272789122002813,106.58027079303675
57,SPECTRUM-OV-083,SPECTRUM-OV-083_S1_LEFT_ADNEXA,1719,1524,147,1,0,1,0,46,0,45,1,2,0.0,1.0,1.0,5750132.030769231,0.12797981538461536,0.11723398822219755,0.9228923076923077,2.2245288542603654,0.07825733043124343,21.753846153846155,7387671.978260869,0.16736432608695653,0.14795712916202425,0.8688260869565217,2.929076915927119,0.2494874026064952,61.869565217391305
58,SPECTRUM-OV-087,SPECTRUM-OV-087_S1_INFRACOLIC_OMENTUM,5184,4497,274,23,10,0,0,380,5,368,7,17,5.0,6.0,6.0,1269760.3187772925,0.03444819359534205,0.032940339163016516,0.9629694323144105,2.8472148286399825,0.15562853531336535,40.633187772925766,1443436.2815789473,0.03889742105263157,0.03697552762221041,0.945078947368421,3.4888237974122243,0.2557888552167728,58.64473684210526
59,SPECTRUM-OV-105,SPECTRUM-OV-105_S1_INFRACOLIC_OMENTUM,1720,371,840,103,18,13,0,375,0,374,1,3,0.0,2.0,1.0,5528420.301704966,0.10076113269088212,0.0928601634883503,0.9960548554484805,2.5496958060668,0.05908160355737115,60.61156412157153,7320354.989333333,0.1374084773333333,0.12328098509649887,0.9933386666666667,3.598045286268987,0.18623092878543437,122.416
60,SPECTRUM-OV-107,SPECTRUM-OV-107_S1_RIGHT_ADNEXA,1860,1734,0,0,7,0,0,119,0,119,0,2,0.0,2.0,0.0,5072883.380952381,0.10037505555555555,0.09129603721823921,0.9385396825396826,3.2958812777709263,0.34584866626389116,50.785714285714285,5066480.319327731,0.1000596050420168,0.09109548545791583,0.9432268907563025,3.29125492047486,0.3464472294107954,48.81512605042017
61,SPECTRUM-OV-107,SPECTRUM-OV-107_S1_SMALL_BOWEL_MESENTERY,879,281,178,54,21,2,1,342,1,328,13,15,1.0,3.0,11.0,5146766.565217392,0.07980849163879598,0.07326063526488946,0.9950200668896322,2.732193924842207,0.23769813256799863,58.719063545150505,5867647.549707603,0.09327254970760233,0.08512749925465264,0.994625730994152,3.1625440775377767,0.38622796899977735,68.78947368421052
62,SPECTRUM-OV-110,SPECTRUM-OV-110_S1_BOWEL,930,327,593,5,0,0,0,5,1,4,0,1,1.0,0.0,0.0,4044259.0829187394,0.09096591210613598,0.08558187548883764,0.965402985074627,2.015131390597691,0.015136335163067125,8.313432835820896,6138687.2,0.13318779999999997,0.12116554735524054,0.8864000000000001,2.889814293908498,0.45419058553386915,70.4
63,SPECTRUM-OV-110,SPECTRUM-OV-110_S1_INFRACOLIC_OMENTUM,860,302,370,135,1,1,0,51,0,48,3,4,0.0,1.0,3.0,6732435.2078853045,0.08385754659498207,0.07731477504987017,0.9920035842293907,2.1522999818743043,0.04605590739437629,34.90681003584229,10733846.294117646,0.14116145098039215,0.12555269601615848,0.9826274509803921,3.2964542503510392,0.4398685306499178,88.6078431372549
64,SPECTRUM-OV-115,SPECTRUM-OV-115_S1_RIGHT_OVARY,1720,241,545,127,180,15,0,612,587,25,0,5,0.0,5.0,0.0,5930736.354293441,0.10150512643678161,0.09410823248806445,0.9784895199459094,1.9786748360105129,0.26065491461010337,64.87762001352264,5544102.434640523,0.0961612385620915,0.08901909927403746,0.9580098039215686,1.918146370269156,0.4755202395062062,89.07679738562092
65,SPECTRUM-OV-118,SPECTRUM-OV-118_S1_LEFT_ADNEXA,860,173,185,156,6,0,0,340,0,339,1,2,0.0,1.0,1.0,6323315.499272198,0.09477732459970888,0.08700793138277445,0.9817088791848617,2.5794586019472865,0.15102512475887991,118.49781659388647,7342972.552941176,0.1129521088235294,0.10255067361343705,0.9667058823529412,3.1267795974019696,0.2960258216598477,197.65588235294118
66,SPECTRUM-OV-125,SPECTRUM-OV-125_S1_LEFT_OVARY,500,192,113,141,20,2,0,32,14,18,0,0,,,,6842758.198051948,0.11284669155844154,0.10410785968577788,0.9815974025974026,2.3044244996096372,0.07797950957840685,66.25649350649351,8484699.21875,0.14603653125,0.13090933903886934,0.9049375000000001,2.8649036517937416,0.4122516080863772,162.5625
67,SPECTRUM-OV-129,SPECTRUM-OV-129_S1_INFRACOLIC_OMENTUM,1720,301,733,32,6,5,0,643,0,634,9,16,0.0,7.0,9.0,7569812.229739253,0.08147323890063425,0.07287801847575105,0.9940239605355884,2.618603696829643,0.14742673086637087,63.0754052149401,9383168.197511664,0.10454420062208397,0.09161917907400059,0.9898538102643857,3.2940183150739446,0.3159392779214085,115.21772939346812
68,SPECTRUM-OV-133,SPECTRUM-OV-133_S1_LEFT_FALLOPIAN_TUBE,1640,265,298,728,15,9,0,325,0,317,8,6,0.0,1.0,5.0,5833181.416727273,0.10669491054545455,0.09842504382928835,0.9958341818181817,2.2674734482014567,0.10236809943898723,49.611636363636364,7243491.464615385,0.13394115076923077,0.12117028492290784,0.9984184615384615,2.8060723157956344,0.39511532285104206,78.84
69,SPECTRUM-OV-139,SPECTRUM-OV-139_S1_RIGHT_OVARY_AND_FALLOPIAN_TUBE,1720,282,0,2,19,15,0,1402,1204,193,5,19,0.0,14.0,5.0,5630786.810848401,0.10374553129346313,0.09529846054446083,0.9665076495132128,2.0259612437044754,0.440925632005236,90.98956884561892,5584675.203281027,0.10274231312410842,0.09444931025744614,0.9676048502139799,2.021140510526751,0.4407522027355878,89.14693295292439
